Link Name,Center of Mass X,Center of Mass Y,Center of Mass Z,Center of Mass Roll,Center of Mass Pitch,Center of Mass Yaw,Mass,Moment Ixx,Moment Ixy,Moment Ixz,Moment Iyy,Moment Iyz,Moment Izz,Visual X,Visual Y,Visual Z,Visual Roll,Visual Pitch,Visual Yaw,Mesh Filename,Color Red,Color Green,Color Blue,Color Alpha,Collision X,Collision Y,Collision Z,Collision Roll,Collision Pitch,Collision Yaw,Collision Mesh Filename,Material Name,SW Components,Coordinate System,Axis Name,Joint Name,Joint Type,Joint Origin X,Joint Origin Y,Joint Origin Z,Joint Origin Roll,Joint Origin Pitch,Joint Origin Yaw,Parent,Joint Axis X,Joint Axis Y,Joint Axis Z,Limit Effort,Limit Velocity,Limit Lower,Limit Upper,Calibration rising,Calibration falling,Dynamics Damping,Dynamics Friction,Safety Soft Upper,Safety Soft Lower,Safety K Position,Safety K Velocity
base_link,-0.02,1.25,-0.02,0,0,0,10.8,5.6264,2.9703E-17,7.2667E-19,0.00288,-5.4142E-14,5.6264,0,0,0,0,0,0,package://hopper/meshes/base_link.STL,0.89804,0.91765,0.92941,1,0,0,0,0,0,0,package://hopper/meshes/base_link.STL,,BASE_POLE-1,Origin,Axis_anklejoint,anklejoint,continuous,0,-0.16155,-0.42,0,0,0,tibia,1,0,0,0,0,-1.2,1,,,0.1,,,,,
pelvis,0.029401,0.97388,-0.02,0,0,0,9.8923,0.052666,0.0034676,4.9295E-17,0.11746,4.1989E-16,0.071815,0,0,0,0,0,0,package://hopper/meshes/pelvis.STL,0.89804,0.91765,0.92941,1,0,0,0,0,0,0,package://hopper/meshes/pelvis.STL,,PELVIS-1,Origin,Slider,linear,prismatic,0,0,0,0,0,0,base_link,0,-1,0,0,0,-1,3,,,,,,,,
femur,-1.2167E-16,-0.21635,-0.082072,0,0,0,2.7901,0.043371,1.0003E-17,3.8052E-18,0.0064732,-0.013997,0.03806,0,0,0,0,0,0,package://hopper/meshes/femur.STL,0.89804,0.91765,0.92941,1,0,0,0,0,0,0,package://hopper/meshes/femur.STL,,FEMUR-1,HipOrigin,HipJoint,hipjoint,revolute,0.12,0.92149,-0.02,0,0,0,pelvis,-1,0,0,0,0,-1.7,1.5,,,,,,,,
tibia,-2.7126E-17,-0.20603,0.075528,0,0,0,2.9886,0.049785,1.0081E-18,-1.3652E-18,0.0083385,0.016884,0.042664,0,0,0,0,0,0,package://hopper/meshes/tibia.STL,0.89804,0.91765,0.92941,1,0,0,0,0,0,0,package://hopper/meshes/tibia.STL,,TIBIA-1,KneeOrigin,KneeJoint,kneejoint,revolute,0,-0.42074,-0.15961,0,0,0,femur,-1,0,0,0,0,-2.3,0.8,,,,,,,,
foot,-9.3456E-17,-0.054713,-0.05847,0,0,0,2.9039,0.017181,1.2017E-19,5.1901E-19,0.017764,-0.00064537,0.0027601,0,0,0,0,0,0,package://hopper/meshes/foot.STL,0.89804,0.91765,0.92941,1,0,0,0,0,0,0,package://hopper/meshes/foot.STL,,FOOT-1,AnkleOrigin,AnkleJoint,anklejoint,revolute,0,-0.42074,0.15961,0,0,0,tibia,-1,0,0,0,0,-1.2,1,,,,,,,,
soleus_b,-3.3747E-17,4.1633E-17,1.4572E-16,0,0,0,0.0021206,2.6507E-08,-1.0245E-40,-5.0845E-39,3.0925E-08,-1.0123E-40,3.0925E-08,0,0,0,0,0,0,package://hopper/meshes/soleus_b.STL,0.89804,0.91765,0.92941,1,0,0,0,0,0,0,package://hopper/meshes/soleus_b.STL,,SOLEUS_B-1,SOLEUS_B,,soleus_b,fixed,0,-0.015293,0.058121,0,0,0,foot,0,0,0,,,,,,,,,,,,
tibialis_anterior_b,-4.3147E-17,8.3267E-17,8.3267E-17,0,0,0,0.0021206,2.6507E-08,-7.4446E-25,7.4446E-25,3.0925E-08,-1.6169E-24,3.0925E-08,0,0,0,0,0,0,package://hopper/meshes/tibialis_anterior_b.STL,0.89804,0.91765,0.92941,1,0,0,0,0,0,0,package://hopper/meshes/tibialis_anterior_b.STL,,TIBIALIS_ANTERIOR_B-1,TIBIALIS_ANTERIOR_B,,tibialis_anterior_b,fixed,0,-0.0016872,-0.093653,0,0,0,foot,0,0,0,,,,,,,,,,,,
gastrocnemius_b,-3.341E-17,2.7756E-17,1.5266E-16,0,0,0,0.0021206,2.6507E-08,-1.0245E-40,0,3.0925E-08,-1.0123E-40,3.0925E-08,0,0,0,0,0,0,package://hopper/meshes/gastrocnemius_b.STL,0.89804,0.91765,0.92941,1,0,0,0,0,0,0,package://hopper/meshes/gastrocnemius_b.STL,,GASTROCNEMIUS_B-1,GASTROCNEMIUS_B,,gastrocnemius_b,fixed,0,-0.027795,0.069271,0,0,0,foot,0,0,0,,,,,,,,,,,,
rectus_femoris_b,-1.3475E-16,1.1102E-16,2.7756E-16,0,0,0,0.0021206,2.6507E-08,9.284E-29,3.8845E-28,3.0925E-08,-3.1262E-26,3.0925E-08,0,0,0,0,0,0,package://hopper/meshes/rectus_femoris_b.STL,0.89804,0.91765,0.92941,1,0,0,0,0,0,0,package://hopper/meshes/rectus_femoris_b.STL,,RECTUS_FEMORIS_B-1,RECTUS_FEMORIS_B,,rectus_femoris_b,fixed,0,0.014426,-0.053308,0,0,0,tibia,0,0,0,,,,,,,,,,,,
biceps_femoris_long_b,-1.3354E-16,5.5511E-17,4.5797E-16,0,0,0,0.0021206,2.6507E-08,9.284E-29,3.8845E-28,3.0925E-08,-1.554E-26,3.0925E-08,0,0,0,0,0,0,package://hopper/meshes/biceps_femoris_long_b.STL,0.89804,0.91765,0.92941,1,0,0,0,0,0,0,package://hopper/meshes/biceps_femoris_long_b.STL,,BICEPS_FEMORIS_LONG_B-1,BICEPS_FEMORIS_LONG_B,,biceps_femoris_long_b,fixed,0,-0.048488,0.060313,0,0,0,tibia,0,0,0,,,,,,,,,,,,
vastus_intermedius_b,-1.3412E-16,-1.6653E-16,5.2736E-16,0,0,0,0.0021206,2.6507E-08,9.284E-29,3.8845E-28,3.0925E-08,-3.9077E-27,3.0925E-08,0,0,0,0,0,0,package://hopper/meshes/vastus_intermedius_b.STL,0.89804,0.91765,0.92941,1,0,0,0,0,0,0,package://hopper/meshes/vastus_intermedius_b.STL,,VASTUS_INTERMEDIUS_B-1,VASTUS_INTERMEDIUS_B,,vastus_intermedius_b,fixed,0,-0.0058742,-0.050504,0,0,0,tibia,0,0,0,,,,,,,,,,,,
biceps_femoris_short_b,-1.3364E-16,5.5511E-17,2.7756E-16,0,0,0,0.0021206,2.6507E-08,-5.7233E-27,7.4485E-25,3.0925E-08,-9.7238E-27,3.0925E-08,0,0,0,0,0,0,package://hopper/meshes/biceps_femoris_short_b.STL,0.89804,0.91765,0.92941,1,0,0,0,0,0,0,package://hopper/meshes/biceps_femoris_short_b.STL,,BICEPS_FEMORIS_SHORT_B-1,BICEPS_FEMORIS_SHORT_B,,biceps_femoris_short_b,fixed,0,-0.032734,0.052722,0,0,0,tibia,0,0,0,,,,,,,,,,,,
soleus_a,-1.3325E-16,-2.2204E-16,2.9837E-16,0,0,0,0.0021206,2.6507E-08,9.284E-29,3.8845E-28,3.0925E-08,-1.554E-26,3.0925E-08,0,0,0,0,0,0,package://hopper/meshes/soleus_a.STL,0.89804,0.91765,0.92941,1,0,0,0,0,0,0,package://hopper/meshes/soleus_a.STL,,SOLEUS_A-1,SOLEUS_A,,soleus_a,fixed,0,-0.23801,0.12808,0,0,0,tibia,0,0,0,,,,,,,,,,,,
tibialis_anterior_a,-1.3228E-16,2.7756E-17,6.9389E-17,0,0,0,0.0021206,2.6507E-08,9.284E-29,3.8845E-28,3.0925E-08,-1.554E-26,3.0925E-08,0,0,0,0,0,0,package://hopper/meshes/tibialis_anterior_a.STL,0.89804,0.91765,0.92941,1,0,0,0,0,0,0,package://hopper/meshes/tibialis_anterior_a.STL,,TIBIALIS_ANTERIOR_A-1,TIBIALIS_ANTERIOR_A,,tibialis_anterior_a,fixed,0,-0.29426,0.076094,0,0,0,tibia,0,0,0,,,,,,,,,,,,
psoas_major_b,4.237E-18,1.1102E-16,-5.5511E-16,0,0,0,0.0021206,2.6507E-08,-1.3023E-26,-1.4738E-24,3.0925E-08,-4.5438E-28,3.0925E-08,0,0,0,0,0,0,package://hopper/meshes/psoas_major_b.STL,0.89804,0.91765,0.92941,1,0,0,0,0,0,0,package://hopper/meshes/psoas_major_b.STL,,PSOAS_MAJOR_B-1,PSOAS_MAJOR_B,,psoas_major_b,fixed,0,-0.083109,-0.067026,0,0,0,femur,0,0,0,,,,,,,,,,,,
gluteus_maximus_b,4.9719E-18,1.1102E-16,-3.3177E-16,0,0,0,0.0021206,2.6507E-08,-1.5931E-26,-1.4738E-24,3.0925E-08,2.9081E-27,3.0925E-08,0,0,0,0,0,0,package://hopper/meshes/gluteus_maximus_b.STL,0.89804,0.91765,0.92941,1,0,0,0,0,0,0,package://hopper/meshes/gluteus_maximus_b.STL,,GLUTEUS_MAXIMUS_B-1,GLUTEUS_MAXIMUS_B,,gluteus_maximus_b,fixed,0,-0.08558,0.0031776,0,0,0,femur,0,0,0,,,,,,,,,,,,
vastus_intermedius_a,1.8394E-18,0,-2.7756E-16,0,0,0,0.0021206,2.6507E-08,-1.0114E-26,1.5087E-26,3.0925E-08,1.4086E-26,3.0925E-08,0,0,0,0,0,0,package://hopper/meshes/vastus_intermedius_a.STL,0.89804,0.91765,0.92941,1,0,0,0,0,0,0,package://hopper/meshes/vastus_intermedius_a.STL,,VASTUS_IMTERMEDIUS_A-1,VASTUS_IMTERMEDIUS_A,,vastus_intermedius_a,fixed,0,-0.27968,-0.14348,0,0,0,femur,0,0,0,,,,,,,,,,,,
biceps_femoris_short_a,4.5792E-18,2.2204E-16,-4.0246E-16,0,0,0,0.0021206,2.6507E-08,-7.2064E-27,1.5087E-26,3.0925E-08,8.2698E-27,3.0925E-08,0,0,0,0,0,0,package://hopper/meshes/biceps_femoris_short_a.STL,0.89804,0.91765,0.92941,1,0,0,0,0,0,0,package://hopper/meshes/biceps_femoris_short_a.STL,,BICEPS_FEMORIS_SHORT_A-1,BICEPS_FEMORIS_SHORT_A,,biceps_femoris_short_a,fixed,0,-0.30299,-0.077514,0,0,0,femur,0,0,0,,,,,,,,,,,,
gastrocnemius_a,3.3497E-18,-2.2204E-16,-2.2204E-16,0,0,0,0.0021206,2.6507E-08,-7.2064E-27,1.5087E-26,3.0925E-08,8.2698E-27,3.0925E-08,0,0,0,0,0,0,package://hopper/meshes/gastrocnemius_a.STL,0.89804,0.91765,0.92941,1,0,0,0,0,0,0,package://hopper/meshes/gastrocnemius_a.STL,,GASTROCNEMIUS_A-1,GASTROCNEMIUS_A,,gastrocnemius_a,fixed,0,-0.39466,-0.10889,0,0,0,femur,0,0,0,,,,,,,,,,,,
rectus_femoris_a,-5.266E-19,-1.1102E-16,-2.2204E-16,0,0,0,0.0021206,2.6507E-08,-1.0245E-40,-2.0015E-40,3.0925E-08,-1.0123E-40,3.0925E-08,0,0,0,0,0,0,package://hopper/meshes/rectus_femoris_a.STL,0.89804,0.91765,0.92941,1,0,0,0,0,0,0,package://hopper/meshes/rectus_femoris_a.STL,,RECTUS_FEMORIS_A-1,RECTUS_FEMORIS_A,,rectus_femoris_a,fixed,0.12,0.95225,-0.12868,0,0,0,pelvis,0,0,0,,,,,,,,,,,,
psoas_major_a,-5.266E-19,-2.2204E-16,-2.6368E-16,0,0,0,0.0021206,2.6507E-08,-1.0245E-40,-2.0015E-40,3.0925E-08,-1.0123E-40,3.0925E-08,0,0,0,0,0,0,package://hopper/meshes/psoas_major_a.STL,0.89804,0.91765,0.92941,1,0,0,0,0,0,0,package://hopper/meshes/psoas_major_a.STL,,PSOAS_MAJOR_A-1,PSOAS_MAJOR_A,,psoas_major_a,fixed,0.12,0.94135,-0.1092,0,0,0,pelvis,0,0,0,,,,,,,,,,,,
gluteus_maximus_a,-5.266E-19,1.1102E-16,-4.1633E-17,0,0,0,0.0021206,2.6507E-08,2.4796E-38,-1.1969E-41,3.0925E-08,4.4875E-39,3.0925E-08,0,0,0,0,0,0,package://hopper/meshes/gluteus_maximus_a.STL,0.89804,0.91765,0.92941,1,0,0,0,0,0,0,package://hopper/meshes/gluteus_maximus_a.STL,,GLUTEUS_MAXIMUS_A-2,GLUTEUS_MAXIMUS_A,,gluteus_maximus_a,fixed,0.12,0.92729,0.055976,0,0,0,pelvis,0,0,0,,,,,,,,,,,,
biceps_femoris_long_a,-5.266E-19,-3.3307E-16,0,0,0,0,0.0021206,2.6507E-08,-3.0994E-38,-1.0606E-40,3.0925E-08,-2.4526E-38,3.0925E-08,0,0,0,0,0,0,package://hopper/meshes/biceps_femoris_long_a.STL,0.89804,0.91765,0.92941,1,0,0,0,0,0,0,package://hopper/meshes/biceps_femoris_long_a.STL,,BICEPS_FEMORIS_LONG_A-1,BICEPS_FEMORIS_LONG_A,,biceps_femoris_long_a,fixed,0.12,0.94135,0.072035,0,0,0,pelvis,0,0,0,,,,,,,,,,,,
